GenerateDate,Companies,Titles,Links
20160714,테크윙,영업(잠정)실적(공정공시),http://dart.fss.or.kr/dsaf001/main.do?rcpNo=20160714900133
20160714,포스코강판,연결재무제표기준영업(잠정)실적(공정공시),http://dart.fss.or.kr/dsaf001/main.do?rcpNo=20160714800038
20160714,포스코강판,영업(잠정)실적(공정공시),http://dart.fss.or.kr/dsaf001/main.do?rcpNo=20160714800062
20160714,오이솔루션,[기재정정]연결재무제표기준영업실적등에대한전망(공정공시),http://dart.fss.or.kr/dsaf001/main.do?rcpNo=20160714900059
20160713,미원상사,영업(잠정)실적(공정공시),http://dart.fss.or.kr/dsaf001/main.do?rcpNo=20160713800472
20160713,미원에스씨,영업(잠정)실적(공정공시),http://dart.fss.or.kr/dsaf001/main.do?rcpNo=20160713800136
20160712,신세계,영업(잠정)실적(공정공시),http://dart.fss.or.kr/dsaf001/main.do?rcpNo=20160712800301
20160712,동화기업,연결재무제표기준영업(잠정)실적(공정공시),http://dart.fss.or.kr/dsaf001/main.do?rcpNo=20160712900195
20160712,해성디에스,연결재무제표기준영업(잠정)실적(공정공시),http://dart.fss.or.kr/dsaf001/main.do?rcpNo=20160712800187
20160711,신스타임즈,연결재무제표기준영업실적등에대한전망(공정공시),http://dart.fss.or.kr/dsaf001/main.do?rcpNo=20160711900221
20160711,동국제강,영업(잠정)실적(공정공시),http://dart.fss.or.kr/dsaf001/main.do?rcpNo=20160711800026
20160708,이마트,영업(잠정)실적(공정공시),http://dart.fss.or.kr/dsaf001/main.do?rcpNo=20160708800310
20160708,LG전자,연결재무제표기준영업(잠정)실적(공정공시),http://dart.fss.or.kr/dsaf001/main.do?rcpNo=20160708800263
20160707,삼성전자,연결재무제표기준영업(잠정)실적(공정공시),http://dart.fss.or.kr/dsaf001/main.do?rcpNo=20160707800065
20160705,파라다이스,연결재무제표기준영업(잠정)실적(공정공시),http://dart.fss.or.kr/dsaf001/main.do?rcpNo=20160705900054
20160704,제미니투자,영업(잠정)실적(공정공시),http://dart.fss.or.kr/dsaf001/main.do?rcpNo=20160704900179
20160701,엠케이전자,연결재무제표기준영업실적등에대한전망(공정공시),http://dart.fss.or.kr/dsaf001/main.do?rcpNo=20160701900277
20160701,기아자동차,영업(잠정)실적(공정공시),http://dart.fss.or.kr/dsaf001/main.do?rcpNo=20160701800196
20160701,현대자동차,영업(잠정)실적(공정공시),http://dart.fss.or.kr/dsaf001/main.do?rcpNo=20160701800211
20160701,쌍용자동차,영업(잠정)실적(공정공시),http://dart.fss.or.kr/dsaf001/main.do?rcpNo=20160701800179
20160630,KB손해보험,영업(잠정)실적(공정공시),http://dart.fss.or.kr/dsaf001/main.do?rcpNo=20160630800468
20160630,메리츠화재,영업(잠정)실적(공정공시),http://dart.fss.or.kr/dsaf001/main.do?rcpNo=20160630800360
20160630,한화손해보험,영업(잠정)실적(공정공시),http://dart.fss.or.kr/dsaf001/main.do?rcpNo=20160630800332
20160630,삼성화재해상보험,영업(잠정)실적(공정공시),http://dart.fss.or.kr/dsaf001/main.do?rcpNo=20160630800348
20160630,현대해상,영업(잠정)실적(공정공시),http://dart.fss.or.kr/dsaf001/main.do?rcpNo=20160630800329
20160630,동부화재해상보험,영업(잠정)실적(공정공시),http://dart.fss.or.kr/dsaf001/main.do?rcpNo=20160630800156
20160628,코리안리,영업(잠정)실적(공정공시),http://dart.fss.or.kr/dsaf001/main.do?rcpNo=20160628800190
20160622,지역난방공사,영업(잠정)실적(공정공시),http://dart.fss.or.kr/dsaf001/main.do?rcpNo=20160622800361
20160617,현대미포조선,영업(잠정)실적(공정공시),http://dart.fss.or.kr/dsaf001/main.do?rcpNo=20160617800353
20160617,현대중공업,영업(잠정)실적(공정공시),http://dart.fss.or.kr/dsaf001/main.do?rcpNo=20160617800349
20160617,한국가스공사,영업(잠정)실적(공정공시),http://dart.fss.or.kr/dsaf001/main.do?rcpNo=20160617800304
20160616,세진전자,[기재정정]영업양도결정(종속회사의주요경영사항),http://dart.fss.or.kr/dsaf001/main.do?rcpNo=20160616900440
20160615,신세계,영업(잠정)실적(공정공시),http://dart.fss.or.kr/dsaf001/main.do?rcpNo=20160615800409
20160615,이마트,영업(잠정)실적(공정공시),http://dart.fss.or.kr/dsaf001/main.do?rcpNo=20160615800345
20160610,씨큐브,영업(잠정)실적(공정공시),http://dart.fss.or.kr/dsaf001/main.do?rcpNo=20160610900095
20160603,파라다이스,연결재무제표기준영업(잠정)실적(공정공시)(월별),http://dart.fss.or.kr/dsaf001/main.do?rcpNo=20160603900066
20160602,KCC건설,투자판단관련주요경영사항(영업정지처분 집행정지 신청결과안내),http://dart.fss.or.kr/dsaf001/main.do?rcpNo=20160602900417
20160601,기아자동차,영업(잠정)실적(공정공시),http://dart.fss.or.kr/dsaf001/main.do?rcpNo=20160601800245
20160601,현대자동차,영업(잠정)실적(공정공시),http://dart.fss.or.kr/dsaf001/main.do?rcpNo=20160601800242
20160601,쌍용자동차,영업(잠정)실적(공정공시),http://dart.fss.or.kr/dsaf001/main.do?rcpNo=20160601800195
20160531,KB손해보험,영업(잠정)실적(공정공시),http://dart.fss.or.kr/dsaf001/main.do?rcpNo=20160531800377
20160531,한화손해보험,영업(잠정)실적(공정공시),http://dart.fss.or.kr/dsaf001/main.do?rcpNo=20160531800286
20160531,삼성화재해상보험,영업(잠정)실적(공정공시),http://dart.fss.or.kr/dsaf001/main.do?rcpNo=20160531800302
20160531,현대해상,영업(잠정)실적(공정공시),http://dart.fss.or.kr/dsaf001/main.do?rcpNo=20160531800296
20160531,동부화재해상보험,영업(잠정)실적(공정공시),http://dart.fss.or.kr/dsaf001/main.do?rcpNo=20160531800171
20160531,오리엔트정공,연결재무제표기준영업실적등에대한전망(공정공시),http://dart.fss.or.kr/dsaf001/main.do?rcpNo=20160531900037
20160527,코리안리,영업(잠정)실적(공정공시),http://dart.fss.or.kr/dsaf001/main.do?rcpNo=20160527800302
20160526,씨케이에이치,연결재무제표기준영업(잠정)실적(공정공시),http://dart.fss.or.kr/dsaf001/main.do?rcpNo=20160526900309
20160526,메리츠화재,영업(잠정)실적(공정공시),http://dart.fss.or.kr/dsaf001/main.do?rcpNo=20160526800229
20160526,유테크,연결재무제표기준영업(잠정)실적(공정공시),http://dart.fss.or.kr/dsaf001/main.do?rcpNo=20160526900184
20160523,지역난방공사,영업(잠정)실적(공정공시),http://dart.fss.or.kr/dsaf001/main.do?rcpNo=20160523800370
20160523,바디텍메드,연결재무제표기준영업실적등에대한전망(공정공시),http://dart.fss.or.kr/dsaf001/main.do?rcpNo=20160523900067
20160520,차이나그레이트,연결재무제표기준영업(잠정)실적(공정공시),http://dart.fss.or.kr/dsaf001/main.do?rcpNo=20160520900455
20160520,에스앤씨엔진그룹,연결재무제표기준영업(잠정)실적(공정공시),http://dart.fss.or.kr/dsaf001/main.do?rcpNo=20160520900414
20160519,한국가스공사,영업(잠정)실적(공정공시),http://dart.fss.or.kr/dsaf001/main.do?rcpNo=20160519800317
20160519,에스씨디,연결재무제표기준영업(잠정)실적(공정공시),http://dart.fss.or.kr/dsaf001/main.do?rcpNo=20160519900132
20160519,에스씨디,영업(잠정)실적(공정공시),http://dart.fss.or.kr/dsaf001/main.do?rcpNo=20160519900131
20160518,현대중공업,영업(잠정)실적(공정공시),http://dart.fss.or.kr/dsaf001/main.do?rcpNo=20160518800279
20160518,현대미포조선,영업(잠정)실적(공정공시),http://dart.fss.or.kr/dsaf001/main.do?rcpNo=20160518800302
20160517,TPC,영업실적등에대한전망(공정공시),http://dart.fss.or.kr/dsaf001/main.do?rcpNo=20160517900324
20160516,소프트센,영업실적등에대한전망(공정공시),http://dart.fss.or.kr/dsaf001/main.do?rcpNo=20160516902046
20160516,LG,연결재무제표기준영업(잠정)실적(공정공시),http://dart.fss.or.kr/dsaf001/main.do?rcpNo=20160516801193
20160516,만도,[기재정정]연결재무제표기준영업(잠정)실적(공정공시),http://dart.fss.or.kr/dsaf001/main.do?rcpNo=20160516800998
20160516,키움증권,연결재무제표기준영업(잠정)실적(공정공시),http://dart.fss.or.kr/dsaf001/main.do?rcpNo=20160516800895
20160516,미래에셋생명,연결재무제표기준영업(잠정)실적(공정공시),http://dart.fss.or.kr/dsaf001/main.do?rcpNo=20160516800869
20160516,미래에셋생명,영업(잠정)실적(공정공시),http://dart.fss.or.kr/dsaf001/main.do?rcpNo=20160516800886
20160516,삼성증권,연결재무제표기준영업(잠정)실적(공정공시),http://dart.fss.or.kr/dsaf001/main.do?rcpNo=20160516800850
20160516,원익머트리얼즈,연결재무제표기준영업(잠정)실적(공정공시),http://dart.fss.or.kr/dsaf001/main.do?rcpNo=20160516900633
20160516,동양파일,영업(잠정)실적(공정공시),http://dart.fss.or.kr/dsaf001/main.do?rcpNo=20160516900014
20160513,아바코,연결재무제표기준영업(잠정)실적(공정공시),http://dart.fss.or.kr/dsaf001/main.do?rcpNo=20160513901270
20160513,신세계,영업(잠정)실적(공정공시),http://dart.fss.or.kr/dsaf001/main.do?rcpNo=20160513801257
20160513,신세계,연결재무제표기준영업(잠정)실적(공정공시),http://dart.fss.or.kr/dsaf001/main.do?rcpNo=20160513801237
20160513,미래에셋대우,연결재무제표기준영업(잠정)실적(공정공시),http://dart.fss.or.kr/dsaf001/main.do?rcpNo=20160513801052
20160513,한미사이언스,[기재정정]연결재무제표기준영업(잠정)실적(공정공시),http://dart.fss.or.kr/dsaf001/main.do?rcpNo=20160513801014
20160513,디엠티,연결재무제표기준영업(잠정)실적(공정공시),http://dart.fss.or.kr/dsaf001/main.do?rcpNo=20160513900864
20160513,옵티시스,영업(잠정)실적(공정공시),http://dart.fss.or.kr/dsaf001/main.do?rcpNo=20160513900690
20160513,빅텍,영업(잠정)실적(공정공시),http://dart.fss.or.kr/dsaf001/main.do?rcpNo=20160513900682
20160513,알톤스포츠,연결재무제표기준영업(잠정)실적(공정공시),http://dart.fss.or.kr/dsaf001/main.do?rcpNo=20160513900678
20160513,대신증권,연결재무제표기준영업(잠정)실적(공정공시),http://dart.fss.or.kr/dsaf001/main.do?rcpNo=20160513800669
20160513,윌비스,연결재무제표기준영업(잠정)실적(공정공시),http://dart.fss.or.kr/dsaf001/main.do?rcpNo=20160513800663
20160513,이녹스,연결재무제표기준영업(잠정)실적(공정공시),http://dart.fss.or.kr/dsaf001/main.do?rcpNo=20160513900640
20160513,삼성생명,연결재무제표기준영업(잠정)실적(공정공시),http://dart.fss.or.kr/dsaf001/main.do?rcpNo=20160513800502
20160513,한글과컴퓨터,연결재무제표기준영업(잠정)실적(공정공시),http://dart.fss.or.kr/dsaf001/main.do?rcpNo=20160513900482
20160513,세운메디칼,연결재무제표기준영업(잠정)실적(공정공시),http://dart.fss.or.kr/dsaf001/main.do?rcpNo=20160513900432
20160513,크루셜텍,연결재무제표기준영업(잠정)실적(공정공시),http://dart.fss.or.kr/dsaf001/main.do?rcpNo=20160513900365
20160513,테스,연결재무제표기준영업(잠정)실적(공정공시),http://dart.fss.or.kr/dsaf001/main.do?rcpNo=20160513900304
20160513,솔브레인,연결재무제표기준영업(잠정)실적(공정공시),http://dart.fss.or.kr/dsaf001/main.do?rcpNo=20160513900175
20160513,창해에탄올,연결재무제표기준영업(잠정)실적(공정공시),http://dart.fss.or.kr/dsaf001/main.do?rcpNo=20160513900147
20160513,셀트리온,[기재정정]영업(잠정)실적(공정공시),http://dart.fss.or.kr/dsaf001/main.do?rcpNo=20160513900054
20160513,셀트리온,[기재정정]연결재무제표기준영업(잠정)실적(공정공시),http://dart.fss.or.kr/dsaf001/main.do?rcpNo=20160513900053
20160513,엔씨소프트,연결재무제표기준영업(잠정)실적(공정공시),http://dart.fss.or.kr/dsaf001/main.do?rcpNo=20160513800047
20160513,벅스,영업(잠정)실적(공정공시),http://dart.fss.or.kr/dsaf001/main.do?rcpNo=20160513900032
20160513,에스엔텍,연결재무제표기준영업(잠정)실적(공정공시),http://dart.fss.or.kr/dsaf001/main.do?rcpNo=20160513900031
20160513,NHN엔터테인먼트,영업(잠정)실적(공정공시),http://dart.fss.or.kr/dsaf001/main.do?rcpNo=20160513800030
20160513,NHN엔터테인먼트,연결재무제표기준영업(잠정)실적(공정공시),http://dart.fss.or.kr/dsaf001/main.do?rcpNo=20160513800029
20160512,대림산업,[기재정정]연결재무제표기준영업(잠정)실적(공정공시),http://dart.fss.or.kr/dsaf001/main.do?rcpNo=20160512800650
20160512,엘아이에스,연결재무제표기준영업(잠정)실적(공정공시),http://dart.fss.or.kr/dsaf001/main.do?rcpNo=20160512900599
20160512,한국공항,연결재무제표기준영업(잠정)실적(공정공시),http://dart.fss.or.kr/dsaf001/main.do?rcpNo=20160512800584
20160512,슈피겐코리아,연결재무제표기준영업(잠정)실적(공정공시),http://dart.fss.or.kr/dsaf001/main.do?rcpNo=20160512900530
20160512,와이디온라인,[기재정정]영업(잠정)실적(공정공시),http://dart.fss.or.kr/dsaf001/main.do?rcpNo=20160512900515
20160512,한화,연결재무제표기준영업(잠정)실적(공정공시),http://dart.fss.or.kr/dsaf001/main.do?rcpNo=20160512800486
20160512,셀트리온,영업(잠정)실적(공정공시),http://dart.fss.or.kr/dsaf001/main.do?rcpNo=20160512900429
20160512,셀트리온,연결재무제표기준영업(잠정)실적(공정공시),http://dart.fss.or.kr/dsaf001/main.do?rcpNo=20160512900451
20160512,에스엠,연결재무제표기준영업(잠정)실적(공정공시),http://dart.fss.or.kr/dsaf001/main.do?rcpNo=20160512900425
20160512,SM C&C,연결재무제표기준영업(잠정)실적(공정공시),http://dart.fss.or.kr/dsaf001/main.do?rcpNo=20160512900424
20160512,동국제강,영업실적등에대한전망(공정공시),http://dart.fss.or.kr/dsaf001/main.do?rcpNo=20160512800414
20160512,한화케미칼,연결재무제표기준영업(잠정)실적(공정공시),http://dart.fss.or.kr/dsaf001/main.do?rcpNo=20160512800404
20160512,인터파크홀딩스,연결재무제표기준영업(잠정)실적(공정공시),http://dart.fss.or.kr/dsaf001/main.do?rcpNo=20160512900370
20160512,에스엔유,영업(잠정)실적(공정공시),http://dart.fss.or.kr/dsaf001/main.do?rcpNo=20160512900345
20160512,휴맥스,연결재무제표기준영업(잠정)실적(공정공시),http://dart.fss.or.kr/dsaf001/main.do?rcpNo=20160512900272
20160512,빅솔론,연결재무제표기준영업(잠정)실적(공정공시),http://dart.fss.or.kr/dsaf001/main.do?rcpNo=20160512900263
20160512,와이디온라인,영업(잠정)실적(공정공시),http://dart.fss.or.kr/dsaf001/main.do?rcpNo=20160512900218
20160512,티비에이치글로벌,연결재무제표기준영업(잠정)실적(공정공시),http://dart.fss.or.kr/dsaf001/main.do?rcpNo=20160512800234
20160512,진도,영업(잠정)실적(공정공시),http://dart.fss.or.kr/dsaf001/main.do?rcpNo=20160512800176
20160512,한국가스공사,연결재무제표기준영업(잠정)실적(공정공시),http://dart.fss.or.kr/dsaf001/main.do?rcpNo=20160512800078
20160512,제이엔케이히터,영업(잠정)실적(공정공시),http://dart.fss.or.kr/dsaf001/main.do?rcpNo=20160512900041
20160512,오이솔루션,연결재무제표기준영업실적등에대한전망(공정공시),http://dart.fss.or.kr/dsaf001/main.do?rcpNo=20160512900009
20160512,오이솔루션,영업(잠정)실적(공정공시),http://dart.fss.or.kr/dsaf001/main.do?rcpNo=20160512900029
20160512,오이솔루션,연결재무제표기준영업(잠정)실적(공정공시),http://dart.fss.or.kr/dsaf001/main.do?rcpNo=20160512900008
20160512,카카오,연결재무제표기준영업(잠정)실적(공정공시),http://dart.fss.or.kr/dsaf001/main.do?rcpNo=20160512900024
20160512,카카오,영업(잠정)실적(공정공시),http://dart.fss.or.kr/dsaf001/main.do?rcpNo=20160512900023
20160511,아바코,영업(잠정)실적(공정공시),http://dart.fss.or.kr/dsaf001/main.do?rcpNo=20160511900554
20160511,휴켐스,연결재무제표기준영업(잠정)실적(공정공시),http://dart.fss.or.kr/dsaf001/main.do?rcpNo=20160511800541
20160511,화성산업,영업(잠정)실적(공정공시),http://dart.fss.or.kr/dsaf001/main.do?rcpNo=20160511800540
20160511,AP시스템,연결재무제표기준영업(잠정)실적(공정공시),http://dart.fss.or.kr/dsaf001/main.do?rcpNo=20160511900481
20160511,현대증권,연결재무제표기준영업(잠정)실적(공정공시),http://dart.fss.or.kr/dsaf001/main.do?rcpNo=20160511800360
20160511,코오롱플라스틱,연결재무제표기준영업(잠정)실적(공정공시),http://dart.fss.or.kr/dsaf001/main.do?rcpNo=20160511800359
20160511,코오롱인더,연결재무제표기준영업(잠정)실적(공정공시),http://dart.fss.or.kr/dsaf001/main.do?rcpNo=20160511800335
20160511,GS,연결재무제표기준영업(잠정)실적(공정공시),http://dart.fss.or.kr/dsaf001/main.do?rcpNo=20160511800325
20160511,아이마켓코리아,연결재무제표기준영업(잠정)실적(공정공시),http://dart.fss.or.kr/dsaf001/main.do?rcpNo=20160511800302
20160511,리더스코스메틱,연결재무제표기준영업(잠정)실적(공정공시),http://dart.fss.or.kr/dsaf001/main.do?rcpNo=20160511900295
20160511,인터파크,연결재무제표기준영업(잠정)실적(공정공시),http://dart.fss.or.kr/dsaf001/main.do?rcpNo=20160511900274
20160511,GS리테일,연결재무제표기준영업(잠정)실적(공정공시),http://dart.fss.or.kr/dsaf001/main.do?rcpNo=20160511800282
20160511,한화생명,연결재무제표기준영업(잠정)실적(공정공시),http://dart.fss.or.kr/dsaf001/main.do?rcpNo=20160511800255
20160511,한화생명,영업(잠정)실적(공정공시),http://dart.fss.or.kr/dsaf001/main.do?rcpNo=20160511800254
20160511,이수앱지스,영업(잠정)실적(공정공시),http://dart.fss.or.kr/dsaf001/main.do?rcpNo=20160511900206
20160511,이수화학,연결재무제표기준영업(잠정)실적(공정공시),http://dart.fss.or.kr/dsaf001/main.do?rcpNo=20160511800193
20160511,한국전력공사,연결재무제표기준영업(잠정)실적(공정공시),http://dart.fss.or.kr/dsaf001/main.do?rcpNo=20160511800177
20160511,경동나비엔,연결재무제표기준영업(잠정)실적(공정공시),http://dart.fss.or.kr/dsaf001/main.do?rcpNo=20160511800159
20160511,유니셈,연결재무제표기준영업(잠정)실적(공정공시),http://dart.fss.or.kr/dsaf001/main.do?rcpNo=20160511900167
20160511,아바텍,연결재무제표기준영업(잠정)실적(공정공시),http://dart.fss.or.kr/dsaf001/main.do?rcpNo=20160511900098
20160511,삼영이엔씨,영업(잠정)실적(공정공시),http://dart.fss.or.kr/dsaf001/main.do?rcpNo=20160511900096
20160511,에스와이패널,연결재무제표기준영업(잠정)실적(공정공시),http://dart.fss.or.kr/dsaf001/main.do?rcpNo=20160511900129
20160511,와이지엔터테인먼트,연결재무제표기준영업(잠정)실적(공정공시),http://dart.fss.or.kr/dsaf001/main.do?rcpNo=20160511900115
20160511,엘오티베큠,연결재무제표기준영업(잠정)실적(공정공시),http://dart.fss.or.kr/dsaf001/main.do?rcpNo=20160511900088
20160511,토비스,영업(잠정)실적(공정공시),http://dart.fss.or.kr/dsaf001/main.do?rcpNo=20160511900037
20160511,인터로조,연결재무제표기준영업(잠정)실적(공정공시),http://dart.fss.or.kr/dsaf001/main.do?rcpNo=20160511900057
20160511,위메이드,연결재무제표기준영업(잠정)실적(공정공시),http://dart.fss.or.kr/dsaf001/main.do?rcpNo=20160511900047
20160511,이엘케이,영업(잠정)실적(공정공시),http://dart.fss.or.kr/dsaf001/main.do?rcpNo=20160511900026
20160511,미래컴퍼니,연결재무제표기준영업(잠정)실적(공정공시),http://dart.fss.or.kr/dsaf001/main.do?rcpNo=20160511900017
20160511,컴투스,연결재무제표기준영업(잠정)실적(공정공시),http://dart.fss.or.kr/dsaf001/main.do?rcpNo=20160511900009
20160511,게임빌,연결재무제표기준영업(잠정)실적(공정공시),http://dart.fss.or.kr/dsaf001/main.do?rcpNo=20160511900008
20160510,영풍정밀,영업(잠정)실적(공정공시),http://dart.fss.or.kr/dsaf001/main.do?rcpNo=20160510900553
20160510,두산건설,[기재정정]연결재무제표기준영업(잠정)실적(공정공시),http://dart.fss.or.kr/dsaf001/main.do?rcpNo=20160510800530
20160510,데브시스터즈,연결재무제표기준영업(잠정)실적(공정공시),http://dart.fss.or.kr/dsaf001/main.do?rcpNo=20160510900455
20160510,SKC,연결재무제표기준영업(잠정)실적(공정공시),http://dart.fss.or.kr/dsaf001/main.do?rcpNo=20160510800416
20160510,CJ E&M,연결재무제표기준영업(잠정)실적(공정공시),http://dart.fss.or.kr/dsaf001/main.do?rcpNo=20160510900400
20160510,GS글로벌,연결재무제표기준영업(잠정)실적(공정공시),http://dart.fss.or.kr/dsaf001/main.do?rcpNo=20160510800398
20160510,심텍홀딩스,연결재무제표기준영업실적등에대한전망(공정공시),http://dart.fss.or.kr/dsaf001/main.do?rcpNo=20160510900362
20160510,심텍홀딩스,연결재무제표기준영업(잠정)실적(공정공시),http://dart.fss.or.kr/dsaf001/main.do?rcpNo=20160510900357
20160510,GKL,영업(잠정)실적(공정공시),http://dart.fss.or.kr/dsaf001/main.do?rcpNo=20160510800356
20160510,삼천리자전거,연결재무제표기준영업(잠정)실적(공정공시),http://dart.fss.or.kr/dsaf001/main.do?rcpNo=20160510900317
20160510,비엠티,연결재무제표기준영업(잠정)실적(공정공시),http://dart.fss.or.kr/dsaf001/main.do?rcpNo=20160510900337
20160510,비엠티,영업(잠정)실적(공정공시),http://dart.fss.or.kr/dsaf001/main.do?rcpNo=20160510900334
20160510,심텍,연결재무제표기준영업실적등에대한전망(공정공시),http://dart.fss.or.kr/dsaf001/main.do?rcpNo=20160510900311
20160510,심텍,연결재무제표기준영업(잠정)실적(공정공시),http://dart.fss.or.kr/dsaf001/main.do?rcpNo=20160510900323
20160510,참좋은레져,영업(잠정)실적(공정공시),http://dart.fss.or.kr/dsaf001/main.do?rcpNo=20160510900270
20160510,삼화페인트공업,연결재무제표기준영업(잠정)실적(공정공시),http://dart.fss.or.kr/dsaf001/main.do?rcpNo=20160510800252
20160510,옵트론텍,연결재무제표기준영업(잠정)실적(공정공시),http://dart.fss.or.kr/dsaf001/main.do?rcpNo=20160510900239
20160510,아이에이치큐,영업(잠정)실적(공정공시),http://dart.fss.or.kr/dsaf001/main.do?rcpNo=20160510800244
20160510,아이에이치큐,연결재무제표기준영업(잠정)실적(공정공시),http://dart.fss.or.kr/dsaf001/main.do?rcpNo=20160510800230
20160510,한독,영업(잠정)실적(공정공시),http://dart.fss.or.kr/dsaf001/main.do?rcpNo=20160510800229
20160510,세코닉스,연결재무제표기준영업(잠정)실적(공정공시),http://dart.fss.or.kr/dsaf001/main.do?rcpNo=20160510900196
20160510,정상제이엘에스,연결재무제표기준영업(잠정)실적(공정공시),http://dart.fss.or.kr/dsaf001/main.do?rcpNo=20160510900220
20160510,한국카본,영업(잠정)실적(공정공시),http://dart.fss.or.kr/dsaf001/main.do?rcpNo=20160510800131
20160510,한국카본,연결재무제표기준영업(잠정)실적(공정공시),http://dart.fss.or.kr/dsaf001/main.do?rcpNo=20160510800145
20160510,영보화학,연결재무제표기준영업(잠정)실적(공정공시),http://dart.fss.or.kr/dsaf001/main.do?rcpNo=20160510800121
20160510,풍국주정,연결재무제표기준영업(잠정)실적(공정공시),http://dart.fss.or.kr/dsaf001/main.do?rcpNo=20160510900111
20160510,파라다이스,연결재무제표기준영업(잠정)실적(공정공시),http://dart.fss.or.kr/dsaf001/main.do?rcpNo=20160510900110
20160510,인바디,연결재무제표기준영업(잠정)실적(공정공시),http://dart.fss.or.kr/dsaf001/main.do?rcpNo=20160510900074
20160510,모나미,연결재무제표기준영업(잠정)실적(공정공시),http://dart.fss.or.kr/dsaf001/main.do?rcpNo=20160510800102
20160510,잇츠스킨,영업(잠정)실적(공정공시),http://dart.fss.or.kr/dsaf001/main.do?rcpNo=20160510800101
20160510,인포마크,영업(잠정)실적(공정공시),http://dart.fss.or.kr/dsaf001/main.do?rcpNo=20160510900100
20160510,에스폴리텍,연결재무제표기준영업(잠정)실적(공정공시),http://dart.fss.or.kr/dsaf001/main.do?rcpNo=20160510900085
20160510,엔에스쇼핑,영업(잠정)실적(공정공시),http://dart.fss.or.kr/dsaf001/main.do?rcpNo=20160510800084
20160510,에스폴리텍,영업(잠정)실적(공정공시),http://dart.fss.or.kr/dsaf001/main.do?rcpNo=20160510900067
20160510,태광,영업(잠정)실적(공정공시),http://dart.fss.or.kr/dsaf001/main.do?rcpNo=20160510900058
20160510,SGA솔루션즈,연결재무제표기준영업(잠정)실적(공정공시),http://dart.fss.or.kr/dsaf001/main.do?rcpNo=20160510900056
20160510,제이에스티나,영업(잠정)실적(공정공시),http://dart.fss.or.kr/dsaf001/main.do?rcpNo=20160510900039
20160510,플랜티넷,연결재무제표기준영업(잠정)실적(공정공시),http://dart.fss.or.kr/dsaf001/main.do?rcpNo=20160510900048
20160510,CJ제일제당,연결재무제표기준영업(잠정)실적(공정공시),http://dart.fss.or.kr/dsaf001/main.do?rcpNo=20160510800044
20160510,한온시스템,영업(잠정)실적(공정공시),http://dart.fss.or.kr/dsaf001/main.do?rcpNo=20160510800017
20160510,루트로닉,연결재무제표기준영업(잠정)실적(공정공시),http://dart.fss.or.kr/dsaf001/main.do?rcpNo=20160510900016
20160509,KTcs,영업(잠정)실적(공정공시),http://dart.fss.or.kr/dsaf001/main.do?rcpNo=20160509800594
20160509,KTcs,연결재무제표기준영업(잠정)실적(공정공시),http://dart.fss.or.kr/dsaf001/main.do?rcpNo=20160509800592
20160509,BGF리테일,연결재무제표기준영업(잠정)실적(공정공시),http://dart.fss.or.kr/dsaf001/main.do?rcpNo=20160509800502
20160509,신진에스엠,연결재무제표기준영업(잠정)실적(공정공시),http://dart.fss.or.kr/dsaf001/main.do?rcpNo=20160509900358
20160509,한섬,연결재무제표기준영업(잠정)실적(공정공시),http://dart.fss.or.kr/dsaf001/main.do?rcpNo=20160509800371
20160509,현대리바트,연결재무제표기준영업(잠정)실적(공정공시),http://dart.fss.or.kr/dsaf001/main.do?rcpNo=20160509800340
20160509,이마트,영업(잠정)실적(공정공시),http://dart.fss.or.kr/dsaf001/main.do?rcpNo=20160509800332
20160509,이마트,연결재무제표기준영업(잠정)실적(공정공시),http://dart.fss.or.kr/dsaf001/main.do?rcpNo=20160509800342
20160509,현대그린푸드,연결재무제표기준영업(잠정)실적(공정공시),http://dart.fss.or.kr/dsaf001/main.do?rcpNo=20160509800298
20160509,아이크래프트,연결재무제표기준영업(잠정)실적(공정공시),http://dart.fss.or.kr/dsaf001/main.do?rcpNo=20160509900296
20160509,아이크래프트,영업(잠정)실적(공정공시),http://dart.fss.or.kr/dsaf001/main.do?rcpNo=20160509900313
20160509,현대에이치씨엔,연결재무제표기준영업(잠정)실적(공정공시),http://dart.fss.or.kr/dsaf001/main.do?rcpNo=20160509800312
20160509,케이티스,영업(잠정)실적(공정공시),http://dart.fss.or.kr/dsaf001/main.do?rcpNo=20160509800308
20160509,현대홈쇼핑,연결재무제표기준영업(잠정)실적(공정공시),http://dart.fss.or.kr/dsaf001/main.do?rcpNo=20160509800269
20160509,케이아이엔엑스,영업(잠정)실적(공정공시),http://dart.fss.or.kr/dsaf001/main.do?rcpNo=20160509900267
20160509,CJ CGV,영업(잠정)실적(공정공시),http://dart.fss.or.kr/dsaf001/main.do?rcpNo=20160509800240
20160509,현대홈쇼핑,영업(잠정)실적(공정공시),http://dart.fss.or.kr/dsaf001/main.do?rcpNo=20160509800263
20160509,SK바이오랜드,연결재무제표기준영업(잠정)실적(공정공시),http://dart.fss.or.kr/dsaf001/main.do?rcpNo=20160509900259
20160509,SK바이오랜드,영업(잠정)실적(공정공시),http://dart.fss.or.kr/dsaf001/main.do?rcpNo=20160509900257
20160509,삼성엔지니어링,연결재무제표기준영업(잠정)실적(공정공시),http://dart.fss.or.kr/dsaf001/main.do?rcpNo=20160509800253
20160509,CJ CGV,연결재무제표기준영업(잠정)실적(공정공시),http://dart.fss.or.kr/dsaf001/main.do?rcpNo=20160509800232
20160509,이테크건설,연결재무제표기준영업(잠정)실적(공정공시),http://dart.fss.or.kr/dsaf001/main.do?rcpNo=20160509900176
20160509,소리바다,연결재무제표기준영업(잠정)실적(공정공시),http://dart.fss.or.kr/dsaf001/main.do?rcpNo=20160509900173
20160509,코스맥스,연결재무제표기준영업(잠정)실적(공정공시),http://dart.fss.or.kr/dsaf001/main.do?rcpNo=20160509800193
20160509,코스맥스비티아이,연결재무제표기준영업(잠정)실적(공정공시),http://dart.fss.or.kr/dsaf001/main.do?rcpNo=20160509800192
20160509,에스맥,영업(잠정)실적(공정공시),http://dart.fss.or.kr/dsaf001/main.do?rcpNo=20160509900189
20160509,에스맥,연결재무제표기준영업(잠정)실적(공정공시),http://dart.fss.or.kr/dsaf001/main.do?rcpNo=20160509900166
20160509,화천기계,영업(잠정)실적(공정공시),http://dart.fss.or.kr/dsaf001/main.do?rcpNo=20160509800186
20160509,씨엠에스에듀,연결재무제표기준영업(잠정)실적(공정공시),http://dart.fss.or.kr/dsaf001/main.do?rcpNo=20160509900163
20160509,에이블씨엔씨,연결재무제표기준영업(잠정)실적(공정공시),http://dart.fss.or.kr/dsaf001/main.do?rcpNo=20160509800146
20160509,삼광글라스,[기재정정]연결재무제표기준영업(잠정)실적(공정공시),http://dart.fss.or.kr/dsaf001/main.do?rcpNo=20160509800130
20160509,삼광글라스,연결재무제표기준영업(잠정)실적(공정공시),http://dart.fss.or.kr/dsaf001/main.do?rcpNo=20160509800121
20160509,아비코전자,연결재무제표기준영업(잠정)실적(공정공시),http://dart.fss.or.kr/dsaf001/main.do?rcpNo=20160509900106
20160509,넥스트칩,연결재무제표기준영업(잠정)실적(공정공시),http://dart.fss.or.kr/dsaf001/main.do?rcpNo=20160509900098
20160509,다원시스,영업실적등에대한전망(공정공시),http://dart.fss.or.kr/dsaf001/main.do?rcpNo=20160509900093
20160509,미코,영업(잠정)실적(공정공시),http://dart.fss.or.kr/dsaf001/main.do?rcpNo=20160509900080
20160509,미코,연결재무제표기준영업(잠정)실적(공정공시),http://dart.fss.or.kr/dsaf001/main.do?rcpNo=20160509900079
20160509,선데이토즈,연결재무제표기준영업(잠정)실적(공정공시),http://dart.fss.or.kr/dsaf001/main.do?rcpNo=20160509900036
20160509,성광벤드,연결재무제표기준영업(잠정)실적(공정공시),http://dart.fss.or.kr/dsaf001/main.do?rcpNo=20160509900071
20160509,하이록코리아,연결재무제표기준영업(잠정)실적(공정공시),http://dart.fss.or.kr/dsaf001/main.do?rcpNo=20160509900070
20160509,이스트소프트,연결재무제표기준영업(잠정)실적(공정공시),http://dart.fss.or.kr/dsaf001/main.do?rcpNo=20160509900069
20160509,프로스테믹스,연결재무제표기준영업(잠정)실적(공정공시),http://dart.fss.or.kr/dsaf001/main.do?rcpNo=20160509900068
20160509,롯데손해보험,영업(잠정)실적(공정공시),http://dart.fss.or.kr/dsaf001/main.do?rcpNo=20160509800059
20160509,풀무원,[기재정정]영업양수결정(종속회사의주요경영사항),http://dart.fss.or.kr/dsaf001/main.do?rcpNo=20160509800044
20160509,동원시스템즈,[기재정정]연결재무제표기준영업(잠정)실적(공정공시),http://dart.fss.or.kr/dsaf001/main.do?rcpNo=20160509800043
20160509,윈하이텍,영업(잠정)실적(공정공시),http://dart.fss.or.kr/dsaf001/main.do?rcpNo=20160509900020
20160509,동원시스템즈,연결재무제표기준영업(잠정)실적(공정공시),http://dart.fss.or.kr/dsaf001/main.do?rcpNo=20160509800012
20160509,동원시스템즈,영업(잠정)실적(공정공시),http://dart.fss.or.kr/dsaf001/main.do?rcpNo=20160509800011
20160504,흥국화재,영업(잠정)실적(공정공시),http://dart.fss.or.kr/dsaf001/main.do?rcpNo=20160504800795
20160504,케이씨씨,연결재무제표기준영업(잠정)실적(공정공시),http://dart.fss.or.kr/dsaf001/main.do?rcpNo=20160504800723
20160504,한화갤러리아타임월드,영업(잠정)실적(공정공시),http://dart.fss.or.kr/dsaf001/main.do?rcpNo=20160504800674
20160504,수산중공업,연결재무제표기준영업(잠정)실적(공정공시),http://dart.fss.or.kr/dsaf001/main.do?rcpNo=20160504800639
20160504,CJ오쇼핑,영업(잠정)실적(공정공시),http://dart.fss.or.kr/dsaf001/main.do?rcpNo=20160504900549
20160504,CJ오쇼핑,연결재무제표기준영업(잠정)실적(공정공시),http://dart.fss.or.kr/dsaf001/main.do?rcpNo=20160504900496
20160504,대우조선해양,연결재무제표기준영업(잠정)실적(공정공시),http://dart.fss.or.kr/dsaf001/main.do?rcpNo=20160504800518
20160504,롯데하이마트,영업(잠정)실적(공정공시),http://dart.fss.or.kr/dsaf001/main.do?rcpNo=20160504800478
20160504,아이에스동서,연결재무제표기준영업(잠정)실적(공정공시),http://dart.fss.or.kr/dsaf001/main.do?rcpNo=20160504800439
20160504,영인프런티어,영업(잠정)실적(공정공시),http://dart.fss.or.kr/dsaf001/main.do?rcpNo=20160504900436
20160504,롯데쇼핑,연결재무제표기준영업(잠정)실적(공정공시),http://dart.fss.or.kr/dsaf001/main.do?rcpNo=20160504800470
20160504,알티캐스트,연결재무제표기준영업(잠정)실적(공정공시),http://dart.fss.or.kr/dsaf001/main.do?rcpNo=20160504900469
20160504,KT뮤직,영업(잠정)실적(공정공시),http://dart.fss.or.kr/dsaf001/main.do?rcpNo=20160504900433
20160504,CJ헬로비전,영업(잠정)실적(공정공시),http://dart.fss.or.kr/dsaf001/main.do?rcpNo=20160504800432
20160504,텔레칩스,영업(잠정)실적(공정공시),http://dart.fss.or.kr/dsaf001/main.do?rcpNo=20160504900448
20160504,웹젠,연결재무제표기준영업(잠정)실적(공정공시),http://dart.fss.or.kr/dsaf001/main.do?rcpNo=20160504900418
20160504,DGB금융지주,연결재무제표기준영업(잠정)실적(공정공시),http://dart.fss.or.kr/dsaf001/main.do?rcpNo=20160504800315
20160504,DGB금융지주,연결재무제표기준영업(잠정)실적(공정공시)(자회사의 주요경영사항),http://dart.fss.or.kr/dsaf001/main.do?rcpNo=20160504800313
20160504,동원산업,연결재무제표기준영업(잠정)실적(공정공시),http://dart.fss.or.kr/dsaf001/main.do?rcpNo=20160504800302
20160504,효성 ITX,연결재무제표기준영업(잠정)실적(공정공시),http://dart.fss.or.kr/dsaf001/main.do?rcpNo=20160504800250
20160504,코스모신소재,영업(잠정)실적(공정공시),http://dart.fss.or.kr/dsaf001/main.do?rcpNo=20160504800261
20160504,홈캐스트,연결재무제표기준영업(잠정)실적(공정공시),http://dart.fss.or.kr/dsaf001/main.do?rcpNo=20160504900214
20160504,파루,연결재무제표기준영업(잠정)실적(공정공시),http://dart.fss.or.kr/dsaf001/main.do?rcpNo=20160504900158
20160504,흥국에프엔비,연결재무제표기준영업(잠정)실적(공정공시),http://dart.fss.or.kr/dsaf001/main.do?rcpNo=20160504900155
20160504,동원산업,영업(잠정)실적(공정공시),http://dart.fss.or.kr/dsaf001/main.do?rcpNo=20160504800183
20160504,강원랜드,연결재무제표기준영업(잠정)실적(공정공시),http://dart.fss.or.kr/dsaf001/main.do?rcpNo=20160504800178
20160504,동원F&B,영업(잠정)실적(공정공시),http://dart.fss.or.kr/dsaf001/main.do?rcpNo=20160504800161
20160504,싸이맥스,연결재무제표기준영업(잠정)실적(공정공시),http://dart.fss.or.kr/dsaf001/main.do?rcpNo=20160504900142
20160504,동원F&B,연결재무제표기준영업(잠정)실적(공정공시),http://dart.fss.or.kr/dsaf001/main.do?rcpNo=20160504800138
20160504,BNK금융지주,연결재무제표기준영업(잠정)실적(공정공시)(자회사의 주요경영사항),http://dart.fss.or.kr/dsaf001/main.do?rcpNo=20160504800133
20160504,BNK금융지주,연결재무제표기준영업(잠정)실적(공정공시)(자회사의 주요경영사항),http://dart.fss.or.kr/dsaf001/main.do?rcpNo=20160504800132
20160504,BNK금융지주,연결재무제표기준영업(잠정)실적(공정공시),http://dart.fss.or.kr/dsaf001/main.do?rcpNo=20160504800129
20160504,SG세계물산,영업(잠정)실적(공정공시),http://dart.fss.or.kr/dsaf001/main.do?rcpNo=20160504800120
20160504,케어젠,연결재무제표기준영업(잠정)실적(공정공시),http://dart.fss.or.kr/dsaf001/main.do?rcpNo=20160504900107
20160504,케어젠,영업(잠정)실적(공정공시),http://dart.fss.or.kr/dsaf001/main.do?rcpNo=20160504900092
20160504,파라다이스,연결재무제표기준영업(잠정)실적(공정공시)(월별),http://dart.fss.or.kr/dsaf001/main.do?rcpNo=20160504900018
20160504,CJ대한통운,연결재무제표기준영업(잠정)실적(공정공시),http://dart.fss.or.kr/dsaf001/main.do?rcpNo=20160504800062
20160504,더블유게임즈,영업(잠정)실적(공정공시),http://dart.fss.or.kr/dsaf001/main.do?rcpNo=20160504900028
20160503,현대백화점,연결재무제표기준영업(잠정)실적(공정공시),http://dart.fss.or.kr/dsaf001/main.do?rcpNo=20160503800474
20160503,파트론,연결재무제표기준영업(잠정)실적(공정공시),http://dart.fss.or.kr/dsaf001/main.do?rcpNo=20160503900424
20160503,아이디스홀딩스,연결재무제표기준영업(잠정)실적(공정공시),http://dart.fss.or.kr/dsaf001/main.do?rcpNo=20160503900331
20160503,코웨이,영업(잠정)실적(공정공시),http://dart.fss.or.kr/dsaf001/main.do?rcpNo=20160503800298
20160503,코웨이,연결재무제표기준영업(잠정)실적(공정공시),http://dart.fss.or.kr/dsaf001/main.do?rcpNo=20160503800258
20160503,유나이티드,영업(잠정)실적(공정공시),http://dart.fss.or.kr/dsaf001/main.do?rcpNo=20160503800265
20160503,코텍,영업(잠정)실적(공정공시),http://dart.fss.or.kr/dsaf001/main.do?rcpNo=20160503900244
20160503,가온미디어,연결재무제표기준영업(잠정)실적(공정공시),http://dart.fss.or.kr/dsaf001/main.do?rcpNo=20160503900264
20160503,OCI,연결재무제표기준영업(잠정)실적(공정공시),http://dart.fss.or.kr/dsaf001/main.do?rcpNo=20160503800231
20160503,블루콤,연결재무제표기준영업(잠정)실적(공정공시),http://dart.fss.or.kr/dsaf001/main.do?rcpNo=20160503900197
20160503,동국제강,연결재무제표기준영업(잠정)실적(공정공시),http://dart.fss.or.kr/dsaf001/main.do?rcpNo=20160503800230
20160503,동국제강,영업(잠정)실적(공정공시),http://dart.fss.or.kr/dsaf001/main.do?rcpNo=20160503800228
20160503,아이컴포넌트,영업(잠정)실적(공정공시),http://dart.fss.or.kr/dsaf001/main.do?rcpNo=20160503900211
20160503,캐스텍코리아,연결재무제표기준영업(잠정)실적(공정공시),http://dart.fss.or.kr/dsaf001/main.do?rcpNo=20160503900119
20160503,주성엔지니어링,영업(잠정)실적(공정공시),http://dart.fss.or.kr/dsaf001/main.do?rcpNo=20160503900116
20160503,토니모리,연결재무제표기준영업(잠정)실적(공정공시),http://dart.fss.or.kr/dsaf001/main.do?rcpNo=20160503800114
20160503,대봉엘에스,연결재무제표기준영업(잠정)실적(공정공시),http://dart.fss.or.kr/dsaf001/main.do?rcpNo=20160503900121
20160503,대봉엘에스,영업(잠정)실적(공정공시),http://dart.fss.or.kr/dsaf001/main.do?rcpNo=20160503900099
20160503,모다정보통신,영업(잠정)실적(공정공시),http://dart.fss.or.kr/dsaf001/main.do?rcpNo=20160503900068
20160503,락앤락,연결재무제표기준영업(잠정)실적(공정공시),http://dart.fss.or.kr/dsaf001/main.do?rcpNo=20160503800059
20160503,아이쓰리시스템,연결재무제표기준영업(잠정)실적(공정공시),http://dart.fss.or.kr/dsaf001/main.do?rcpNo=20160503900052
20160503,루트로닉,[기재정정]영업(잠정)실적(공정공시),http://dart.fss.or.kr/dsaf001/main.do?rcpNo=20160503900051
20160503,환인제약,영업(잠정)실적(공정공시),http://dart.fss.or.kr/dsaf001/main.do?rcpNo=20160503800049
20160502,코오롱생명과학,영업(잠정)실적(공정공시),http://dart.fss.or.kr/dsaf001/main.do?rcpNo=20160502900485
20160502,하나투어,연결재무제표기준영업(잠정)실적(공정공시),http://dart.fss.or.kr/dsaf001/main.do?rcpNo=20160502800478
20160502,메디톡스,연결재무제표기준영업(잠정)실적(공정공시),http://dart.fss.or.kr/dsaf001/main.do?rcpNo=20160502900463
20160502,모두투어,영업(잠정)실적(공정공시),http://dart.fss.or.kr/dsaf001/main.do?rcpNo=20160502900399
20160502,모두투어,연결재무제표기준영업(잠정)실적(공정공시),http://dart.fss.or.kr/dsaf001/main.do?rcpNo=20160502900359
20160502,지역난방공사,영업(잠정)실적(공정공시),http://dart.fss.or.kr/dsaf001/main.do?rcpNo=20160502800391
20160502,레이언스,연결재무제표기준영업(잠정)실적(공정공시),http://dart.fss.or.kr/dsaf001/main.do?rcpNo=20160502900350
20160502,메디포스트,영업(잠정)실적(공정공시),http://dart.fss.or.kr/dsaf001/main.do?rcpNo=20160502900347
20160502,SK머티리얼즈,연결재무제표기준영업(잠정)실적(공정공시),http://dart.fss.or.kr/dsaf001/main.do?rcpNo=20160502900308
20160502,GS홈쇼핑,영업(잠정)실적(공정공시),http://dart.fss.or.kr/dsaf001/main.do?rcpNo=20160502900235
20160502,GS홈쇼핑,연결재무제표기준영업(잠정)실적(공정공시),http://dart.fss.or.kr/dsaf001/main.do?rcpNo=20160502900193
20160502,대우부품,영업(잠정)실적(공정공시),http://dart.fss.or.kr/dsaf001/main.do?rcpNo=20160502800233
20160502,나스미디어,영업(잠정)실적(공정공시),http://dart.fss.or.kr/dsaf001/main.do?rcpNo=20160502900190
20160502,동아에스티,영업(잠정)실적(공정공시),http://dart.fss.or.kr/dsaf001/main.do?rcpNo=20160502800222
20160502,바텍,연결재무제표기준영업(잠정)실적(공정공시),http://dart.fss.or.kr/dsaf001/main.do?rcpNo=20160502900189
20160502,기아자동차,영업(잠정)실적(공정공시),http://dart.fss.or.kr/dsaf001/main.do?rcpNo=20160502800188
20160502,현대자동차,영업(잠정)실적(공정공시),http://dart.fss.or.kr/dsaf001/main.do?rcpNo=20160502800219
20160502,동양생명,연결재무제표기준영업(잠정)실적(공정공시),http://dart.fss.or.kr/dsaf001/main.do?rcpNo=20160502800178
20160502,동양생명,영업(잠정)실적(공정공시),http://dart.fss.or.kr/dsaf001/main.do?rcpNo=20160502800177
20160502,대경기계기술,영업(잠정)실적(공정공시),http://dart.fss.or.kr/dsaf001/main.do?rcpNo=20160502800173
20160502,보락,영업(잠정)실적(공정공시),http://dart.fss.or.kr/dsaf001/main.do?rcpNo=20160502800170
20160502,하이로닉,영업(잠정)실적(공정공시),http://dart.fss.or.kr/dsaf001/main.do?rcpNo=20160502900118
20160502,한화테크윈,연결재무제표기준영업(잠정)실적(공정공시),http://dart.fss.or.kr/dsaf001/main.do?rcpNo=20160502800095
20160502,유진테크,연결재무제표기준영업(잠정)실적(공정공시),http://dart.fss.or.kr/dsaf001/main.do?rcpNo=20160502900091
20160502,엠게임,영업(잠정)실적(공정공시),http://dart.fss.or.kr/dsaf001/main.do?rcpNo=20160502900079
20160502,민앤지,영업(잠정)실적(공정공시),http://dart.fss.or.kr/dsaf001/main.do?rcpNo=20160502900070
20160502,리드코프,연결재무제표기준영업(잠정)실적(공정공시),http://dart.fss.or.kr/dsaf001/main.do?rcpNo=20160502900011
20160502,쌍용자동차,영업(잠정)실적(공정공시),http://dart.fss.or.kr/dsaf001/main.do?rcpNo=20160502800059
20160502,SK네트웍스,연결재무제표기준영업(잠정)실적(공정공시),http://dart.fss.or.kr/dsaf001/main.do?rcpNo=20160502800055
20160502,아모레퍼시픽그룹,연결재무제표기준영업(잠정)실적(공정공시),http://dart.fss.or.kr/dsaf001/main.do?rcpNo=20160502800035
20160502,아모레퍼시픽,연결재무제표기준영업(잠정)실적(공정공시),http://dart.fss.or.kr/dsaf001/main.do?rcpNo=20160502800034
20160502,메리츠종금증권,연결재무제표기준영업(잠정)실적(공정공시),http://dart.fss.or.kr/dsaf001/main.do?rcpNo=20160502800003
20160429,아이디스,연결재무제표기준영업(잠정)실적(공정공시),http://dart.fss.or.kr/dsaf001/main.do?rcpNo=20160429900770
20160429,SKC 솔믹스,연결재무제표기준영업(잠정)실적(공정공시),http://dart.fss.or.kr/dsaf001/main.do?rcpNo=20160429900768
20160429,종근당홀딩스,영업(잠정)실적(공정공시),http://dart.fss.or.kr/dsaf001/main.do?rcpNo=20160429800735
20160429,CJ프레시웨이,연결재무제표기준영업(잠정)실적(공정공시),http://dart.fss.or.kr/dsaf001/main.do?rcpNo=20160429900667
20160429,호텔신라,연결재무제표기준영업(잠정)실적(공정공시),http://dart.fss.or.kr/dsaf001/main.do?rcpNo=20160429800660
20160429,한전KPS,연결재무제표기준영업(잠정)실적(공정공시),http://dart.fss.or.kr/dsaf001/main.do?rcpNo=20160429800650
20160429,DMS,연결재무제표기준영업(잠정)실적(공정공시),http://dart.fss.or.kr/dsaf001/main.do?rcpNo=20160429900593
20160429,나노신소재,연결재무제표기준영업(잠정)실적(공정공시),http://dart.fss.or.kr/dsaf001/main.do?rcpNo=20160429900575
20160429,에버다임,연결재무제표기준영업(잠정)실적(공정공시),http://dart.fss.or.kr/dsaf001/main.do?rcpNo=20160429900547
20160429,씨에스윈드,연결재무제표기준영업(잠정)실적(공정공시),http://dart.fss.or.kr/dsaf001/main.do?rcpNo=20160429800487
20160429,경보제약,영업(잠정)실적(공정공시),http://dart.fss.or.kr/dsaf001/main.do?rcpNo=20160429800460
20160429,종근당바이오,영업(잠정)실적(공정공시),http://dart.fss.or.kr/dsaf001/main.do?rcpNo=20160429800435
20160429,종근당,영업(잠정)실적(공정공시),http://dart.fss.or.kr/dsaf001/main.do?rcpNo=20160429800363
20160429,삼성중공업,연결재무제표기준영업(잠정)실적(공정공시),http://dart.fss.or.kr/dsaf001/main.do?rcpNo=20160429800302
20160429,삼성화재해상보험,영업(잠정)실적(공정공시),http://dart.fss.or.kr/dsaf001/main.do?rcpNo=20160429800336
20160429,기업은행,연결재무제표기준영업(잠정)실적(공정공시),http://dart.fss.or.kr/dsaf001/main.do?rcpNo=20160429800300
20160429,현대해상,영업(잠정)실적(공정공시),http://dart.fss.or.kr/dsaf001/main.do?rcpNo=20160429800330
20160429,한화손해보험,영업(잠정)실적(공정공시),http://dart.fss.or.kr/dsaf001/main.do?rcpNo=20160429800328
20160429,한국타이어월드와이드,연결재무제표기준영업(잠정)실적(공정공시),http://dart.fss.or.kr/dsaf001/main.do?rcpNo=20160429800269
20160429,한국타이어,연결재무제표기준영업(잠정)실적(공정공시),http://dart.fss.or.kr/dsaf001/main.do?rcpNo=20160429800251
20160429,코리안리,영업(잠정)실적(공정공시),http://dart.fss.or.kr/dsaf001/main.do?rcpNo=20160429800248
20160429,유니드,연결재무제표기준영업(잠정)실적(공정공시),http://dart.fss.or.kr/dsaf001/main.do?rcpNo=20160429800246
20160429,현대EP,연결재무제표기준영업(잠정)실적(공정공시),http://dart.fss.or.kr/dsaf001/main.do?rcpNo=20160429800223
20160429,보령제약,영업(잠정)실적(공정공시),http://dart.fss.or.kr/dsaf001/main.do?rcpNo=20160429800178
20160429,동부화재해상보험,영업(잠정)실적(공정공시),http://dart.fss.or.kr/dsaf001/main.do?rcpNo=20160429800190
20160429,한국토지신탁,연결재무제표기준영업(잠정)실적(공정공시),http://dart.fss.or.kr/dsaf001/main.do?rcpNo=20160429900159
20160429,디이엔티,연결재무제표기준영업(잠정)실적(공정공시),http://dart.fss.or.kr/dsaf001/main.do?rcpNo=20160429900127
20160429,송원산업,연결재무제표기준영업(잠정)실적(공정공시),http://dart.fss.or.kr/dsaf001/main.do?rcpNo=20160429800126
20160429,한국전력공사,영업(잠정)실적(공정공시),http://dart.fss.or.kr/dsaf001/main.do?rcpNo=20160429800076
20160429,대우건설,영업(잠정)실적(공정공시),http://dart.fss.or.kr/dsaf001/main.do?rcpNo=20160429800067
20160429,케이티,영업(잠정)실적(공정공시),http://dart.fss.or.kr/dsaf001/main.do?rcpNo=20160429800065
20160429,케이티,연결재무제표기준영업(잠정)실적(공정공시),http://dart.fss.or.kr/dsaf001/main.do?rcpNo=20160429800064
20160429,KTH,영업(잠정)실적(공정공시),http://dart.fss.or.kr/dsaf001/main.do?rcpNo=20160429900061
20160428,에이테크솔루션,연결재무제표기준영업(잠정)실적(공정공시),http://dart.fss.or.kr/dsaf001/main.do?rcpNo=20160428900564
20160428,아이콘트롤스,연결재무제표기준영업(잠정)실적(공정공시),http://dart.fss.or.kr/dsaf001/main.do?rcpNo=20160428800427
20160428,레드캡투어,영업(잠정)실적(공정공시),http://dart.fss.or.kr/dsaf001/main.do?rcpNo=20160428900374
20160428,세아베스틸,영업(잠정)실적(공정공시),http://dart.fss.or.kr/dsaf001/main.do?rcpNo=20160428800350
20160428,삼성에스디에스,연결재무제표기준영업(잠정)실적(공정공시),http://dart.fss.or.kr/dsaf001/main.do?rcpNo=20160428800349
20160428,세아베스틸,연결재무제표기준영업(잠정)실적(공정공시),http://dart.fss.or.kr/dsaf001/main.do?rcpNo=20160428800347
20160428,웅진씽크빅,연결재무제표기준영업(잠정)실적(공정공시),http://dart.fss.or.kr/dsaf001/main.do?rcpNo=20160428800332
20160428,LG전자,[기재정정]연결재무제표기준영업(잠정)실적(공정공시),http://dart.fss.or.kr/dsaf001/main.do?rcpNo=20160428800315
20160428,삼성SDI,연결재무제표기준영업(잠정)실적(공정공시),http://dart.fss.or.kr/dsaf001/main.do?rcpNo=20160428800310
20160428,LG상사,연결재무제표기준영업(잠정)실적(공정공시),http://dart.fss.or.kr/dsaf001/main.do?rcpNo=20160428800321
20160428,HMC투자증권,연결재무제표기준영업(잠정)실적(공정공시),http://dart.fss.or.kr/dsaf001/main.do?rcpNo=20160428800278
20160428,쌍용자동차,연결재무제표기준영업(잠정)실적(공정공시),http://dart.fss.or.kr/dsaf001/main.do?rcpNo=20160428800284
20160428,롯데정밀화학,연결재무제표기준영업(잠정)실적(공정공시),http://dart.fss.or.kr/dsaf001/main.do?rcpNo=20160428800272
20160428,롯데케미칼,연결재무제표기준영업(잠정)실적(공정공시),http://dart.fss.or.kr/dsaf001/main.do?rcpNo=20160428800253
20160428,휴비스,연결재무제표기준영업(잠정)실적(공정공시),http://dart.fss.or.kr/dsaf001/main.do?rcpNo=20160428800233
20160428,휴비스,영업(잠정)실적(공정공시),http://dart.fss.or.kr/dsaf001/main.do?rcpNo=20160428800232
20160428,일양약품,영업(잠정)실적(공정공시),http://dart.fss.or.kr/dsaf001/main.do?rcpNo=20160428800226
20160428,일양약품,연결재무제표기준영업(잠정)실적(공정공시),http://dart.fss.or.kr/dsaf001/main.do?rcpNo=20160428800225
20160428,녹십자,연결재무제표기준영업(잠정)실적(공정공시),http://dart.fss.or.kr/dsaf001/main.do?rcpNo=20160428800222
20160428,일동제약,영업(잠정)실적(공정공시),http://dart.fss.or.kr/dsaf001/main.do?rcpNo=20160428800200
20160428,한솔제지,영업(잠정)실적(공정공시),http://dart.fss.or.kr/dsaf001/main.do?rcpNo=20160428800199
20160428,유한양행,영업(잠정)실적(공정공시),http://dart.fss.or.kr/dsaf001/main.do?rcpNo=20160428800206
20160428,한솔제지,연결재무제표기준영업(잠정)실적(공정공시),http://dart.fss.or.kr/dsaf001/main.do?rcpNo=20160428800196
20160428,MDS테크,연결재무제표기준영업(잠정)실적(공정공시),http://dart.fss.or.kr/dsaf001/main.do?rcpNo=20160428900204
20160428,아이센스,연결재무제표기준영업(잠정)실적(공정공시),http://dart.fss.or.kr/dsaf001/main.do?rcpNo=20160428900190
20160428,신일제약,영업(잠정)실적(공정공시),http://dart.fss.or.kr/dsaf001/main.do?rcpNo=20160428900201
20160428,광주은행,연결재무제표기준영업(잠정)실적(공정공시),http://dart.fss.or.kr/dsaf001/main.do?rcpNo=20160428800155
20160428,JB금융지주,연결재무제표기준영업(잠정)실적(공정공시),http://dart.fss.or.kr/dsaf001/main.do?rcpNo=20160428800175
20160428,JB금융지주,연결재무제표기준영업(잠정)실적(공정공시)(자회사의 주요경영사항),http://dart.fss.or.kr/dsaf001/main.do?rcpNo=20160428800174
20160428,JB금융지주,연결재무제표기준영업(잠정)실적(공정공시)(자회사의 주요경영사항),http://dart.fss.or.kr/dsaf001/main.do?rcpNo=20160428800153
20160428,에스원,연결재무제표기준영업(잠정)실적(공정공시),http://dart.fss.or.kr/dsaf001/main.do?rcpNo=20160428800172
20160428,JB금융지주,연결재무제표기준영업(잠정)실적(공정공시)(자회사의 주요경영사항),http://dart.fss.or.kr/dsaf001/main.do?rcpNo=20160428800171
20160428,와이솔,연결재무제표기준영업(잠정)실적(공정공시),http://dart.fss.or.kr/dsaf001/main.do?rcpNo=20160428900137
20160428,한미약품,연결재무제표기준영업(잠정)실적(공정공시),http://dart.fss.or.kr/dsaf001/main.do?rcpNo=20160428800135
20160428,NI스틸,영업(잠정)실적(공정공시),http://dart.fss.or.kr/dsaf001/main.do?rcpNo=20160428800134
20160428,한미사이언스,연결재무제표기준영업(잠정)실적(공정공시),http://dart.fss.or.kr/dsaf001/main.do?rcpNo=20160428800133
20160428,미스터블루,영업(잠정)실적(공정공시),http://dart.fss.or.kr/dsaf001/main.do?rcpNo=20160428900072
20160428,만도,연결재무제표기준영업(잠정)실적(공정공시),http://dart.fss.or.kr/dsaf001/main.do?rcpNo=20160428800049
20160428,SK텔레콤,연결재무제표기준영업(잠정)실적(공정공시),http://dart.fss.or.kr/dsaf001/main.do?rcpNo=20160428800042
20160428,SK텔레콤,영업(잠정)실적(공정공시),http://dart.fss.or.kr/dsaf001/main.do?rcpNo=20160428800041
20160428,S&T홀딩스,연결재무제표기준영업(잠정)실적(공정공시),http://dart.fss.or.kr/dsaf001/main.do?rcpNo=20160428800020
20160428,삼성전자,연결재무제표기준영업(잠정)실적(공정공시),http://dart.fss.or.kr/dsaf001/main.do?rcpNo=20160428800007
20160428,삼성전자,[기재정정]연결재무제표기준영업(잠정)실적(공정공시),http://dart.fss.or.kr/dsaf001/main.do?rcpNo=20160428800024
20160428,NAVER,연결재무제표기준영업(잠정)실적(공정공시),http://dart.fss.or.kr/dsaf001/main.do?rcpNo=20160428800005
20160428,NAVER,영업(잠정)실적(공정공시),http://dart.fss.or.kr/dsaf001/main.do?rcpNo=20160428800022
20160427,CJ씨푸드,영업(잠정)실적(공정공시),http://dart.fss.or.kr/dsaf001/main.do?rcpNo=20160427800659
20160427,윈스,영업(잠정)실적(공정공시),http://dart.fss.or.kr/dsaf001/main.do?rcpNo=20160427900658
20160427,현대산업개발,연결재무제표기준영업(잠정)실적(공정공시),http://dart.fss.or.kr/dsaf001/main.do?rcpNo=20160427800579
20160427,넥센타이어,연결재무제표기준영업(잠정)실적(공정공시),http://dart.fss.or.kr/dsaf001/main.do?rcpNo=20160427800483
20160427,현대제철,영업(잠정)실적(공정공시),http://dart.fss.or.kr/dsaf001/main.do?rcpNo=20160427800409
20160427,현대제철,연결재무제표기준영업(잠정)실적(공정공시),http://dart.fss.or.kr/dsaf001/main.do?rcpNo=20160427800405
20160427,코나아이,연결재무제표기준영업(잠정)실적(공정공시),http://dart.fss.or.kr/dsaf001/main.do?rcpNo=20160427900403
20160427,풍산,연결재무제표기준영업(잠정)실적(공정공시),http://dart.fss.or.kr/dsaf001/main.do?rcpNo=20160427800400
20160427,풍산,영업(잠정)실적(공정공시),http://dart.fss.or.kr/dsaf001/main.do?rcpNo=20160427800394
20160427,LG이노텍,연결재무제표기준영업(잠정)실적(공정공시),http://dart.fss.or.kr/dsaf001/main.do?rcpNo=20160427800383
20160427,메리츠화재,영업(잠정)실적(공정공시),http://dart.fss.or.kr/dsaf001/main.do?rcpNo=20160427800354
20160427,GS건설,연결재무제표기준영업(잠정)실적(공정공시),http://dart.fss.or.kr/dsaf001/main.do?rcpNo=20160427800336
20160427,삼성카드,연결재무제표기준영업(잠정)실적(공정공시),http://dart.fss.or.kr/dsaf001/main.do?rcpNo=20160427800332
20160427,삼성물산,연결재무제표기준영업(잠정)실적(공정공시),http://dart.fss.or.kr/dsaf001/main.do?rcpNo=20160427800327
20160427,현대건설,연결재무제표기준영업(잠정)실적(공정공시),http://dart.fss.or.kr/dsaf001/main.do?rcpNo=20160427800263
20160427,한글과컴퓨터,영업(잠정)실적(공정공시),http://dart.fss.or.kr/dsaf001/main.do?rcpNo=20160427900260
20160427,현대위아,연결재무제표기준영업(잠정)실적(공정공시),http://dart.fss.or.kr/dsaf001/main.do?rcpNo=20160427800234
20160427,LG유플러스,연결재무제표기준영업(잠정)실적(공정공시),http://dart.fss.or.kr/dsaf001/main.do?rcpNo=20160427800112
20160427,LG유플러스,영업(잠정)실적(공정공시),http://dart.fss.or.kr/dsaf001/main.do?rcpNo=20160427800146
20160427,현대모비스,연결재무제표기준영업(잠정)실적(공정공시),http://dart.fss.or.kr/dsaf001/main.do?rcpNo=20160427800144
20160427,쎌바이오텍,영업(잠정)실적(공정공시),http://dart.fss.or.kr/dsaf001/main.do?rcpNo=20160427900109
20160427,쎌바이오텍,연결재무제표기준영업(잠정)실적(공정공시),http://dart.fss.or.kr/dsaf001/main.do?rcpNo=20160427900141
20160427,현대글로비스,연결재무제표기준영업(잠정)실적(공정공시),http://dart.fss.or.kr/dsaf001/main.do?rcpNo=20160427800133
20160427,이노션,연결재무제표기준영업(잠정)실적(공정공시),http://dart.fss.or.kr/dsaf001/main.do?rcpNo=20160427800127
20160427,위닉스,연결재무제표기준영업(잠정)실적(공정공시),http://dart.fss.or.kr/dsaf001/main.do?rcpNo=20160427900102
20160427,삼진제약,영업(잠정)실적(공정공시),http://dart.fss.or.kr/dsaf001/main.do?rcpNo=20160427800097
20160427,기아자동차,연결재무제표기준영업(잠정)실적(공정공시),http://dart.fss.or.kr/dsaf001/main.do?rcpNo=20160427800050
20160427,다날,영업(잠정)실적(공정공시),http://dart.fss.or.kr/dsaf001/main.do?rcpNo=20160427900046
20160427,레고켐바이오,연결재무제표기준영업(잠정)실적(공정공시),http://dart.fss.or.kr/dsaf001/main.do?rcpNo=20160427900075
20160427,휴비츠,연결재무제표기준영업(잠정)실적(공정공시),http://dart.fss.or.kr/dsaf001/main.do?rcpNo=20160427900072
20160427,LG디스플레이,연결재무제표기준영업(잠정)실적(공정공시),http://dart.fss.or.kr/dsaf001/main.do?rcpNo=20160427800044
20160426,네오팜,영업(잠정)실적(공정공시),http://dart.fss.or.kr/dsaf001/main.do?rcpNo=20160426900419
20160426,아가방컴퍼니,연결재무제표기준영업(잠정)실적(공정공시),http://dart.fss.or.kr/dsaf001/main.do?rcpNo=20160426900339
20160426,효성,연결재무제표기준영업(잠정)실적(공정공시),http://dart.fss.or.kr/dsaf001/main.do?rcpNo=20160426800319
20160426,LS산전,연결재무제표기준영업(잠정)실적(공정공시),http://dart.fss.or.kr/dsaf001/main.do?rcpNo=20160426800290
20160426,엘컴텍,연결재무제표기준영업(잠정)실적(공정공시),http://dart.fss.or.kr/dsaf001/main.do?rcpNo=20160426900257
20160426,한국항공우주,연결재무제표기준영업(잠정)실적(공정공시),http://dart.fss.or.kr/dsaf001/main.do?rcpNo=20160426800219
20160426,LG생활건강,연결재무제표기준영업(잠정)실적(공정공시),http://dart.fss.or.kr/dsaf001/main.do?rcpNo=20160426800243
20160426,현대자동차,연결재무제표기준영업(잠정)실적(공정공시),http://dart.fss.or.kr/dsaf001/main.do?rcpNo=20160426800193
20160426,코오롱글로벌,연결재무제표기준영업(잠정)실적(공정공시),http://dart.fss.or.kr/dsaf001/main.do?rcpNo=20160426800190
20160426,이지웰페어,연결재무제표기준영업(잠정)실적(공정공시),http://dart.fss.or.kr/dsaf001/main.do?rcpNo=20160426900188
20160426,KCC건설,연결재무제표기준영업(잠정)실적(공정공시),http://dart.fss.or.kr/dsaf001/main.do?rcpNo=20160426900138
20160426,한전기술,영업(잠정)실적(공정공시),http://dart.fss.or.kr/dsaf001/main.do?rcpNo=20160426800134
20160426,대교,연결재무제표기준영업(잠정)실적(공정공시),http://dart.fss.or.kr/dsaf001/main.do?rcpNo=20160426800126
20160426,현대중공업,연결재무제표기준영업(잠정)실적(공정공시),http://dart.fss.or.kr/dsaf001/main.do?rcpNo=20160426800113
20160426,현대미포조선,연결재무제표기준영업(잠정)실적(공정공시),http://dart.fss.or.kr/dsaf001/main.do?rcpNo=20160426800109
20160426,삼성전기,연결재무제표기준영업(잠정)실적(공정공시),http://dart.fss.or.kr/dsaf001/main.do?rcpNo=20160426800085
20160426,대한유화,연결재무제표기준영업(잠정)실적(공정공시),http://dart.fss.or.kr/dsaf001/main.do?rcpNo=20160426800074
20160426,더존비즈온,연결재무제표기준영업(잠정)실적(공정공시),http://dart.fss.or.kr/dsaf001/main.do?rcpNo=20160426800049
20160426,더존비즈온,영업(잠정)실적(공정공시),http://dart.fss.or.kr/dsaf001/main.do?rcpNo=20160426800031
20160426,S&T중공업,연결재무제표기준영업(잠정)실적(공정공시),http://dart.fss.or.kr/dsaf001/main.do?rcpNo=20160426800016
20160426,S&T모티브,연결재무제표기준영업(잠정)실적(공정공시),http://dart.fss.or.kr/dsaf001/main.do?rcpNo=20160426800014
20160426,S&TC,영업(잠정)실적(공정공시),http://dart.fss.or.kr/dsaf001/main.do?rcpNo=20160426800026
20160426,한라,연결재무제표기준영업(잠정)실적(공정공시),http://dart.fss.or.kr/dsaf001/main.do?rcpNo=20160426800008
20160426,케이티스카이라이프,영업(잠정)실적(공정공시),http://dart.fss.or.kr/dsaf001/main.do?rcpNo=20160426800025
20160426,케이티스카이라이프,연결재무제표기준영업(잠정)실적(공정공시),http://dart.fss.or.kr/dsaf001/main.do?rcpNo=20160426800006
20160426,SK하이닉스,연결재무제표기준영업(잠정)실적(공정공시),http://dart.fss.or.kr/dsaf001/main.do?rcpNo=20160426800024
20160425,서울반도체,[기재정정]연결재무제표기준영업(잠정)실적(공정공시),http://dart.fss.or.kr/dsaf001/main.do?rcpNo=20160425900552
20160425,세이브존I&C,영업(잠정)실적(공정공시),http://dart.fss.or.kr/dsaf001/main.do?rcpNo=20160425800402
20160425,서울반도체,연결재무제표기준영업(잠정)실적(공정공시),http://dart.fss.or.kr/dsaf001/main.do?rcpNo=20160425900277
20160425,서울반도체,연결재무제표기준영업실적등에대한전망(공정공시),http://dart.fss.or.kr/dsaf001/main.do?rcpNo=20160425900275
20160425,씨유메디칼,연결재무제표기준영업(잠정)실적(공정공시),http://dart.fss.or.kr/dsaf001/main.do?rcpNo=20160425900216
20160425,티피씨글로벌,영업(잠정)실적(공정공시),http://dart.fss.or.kr/dsaf001/main.do?rcpNo=20160425900088
20160425,비트컴퓨터,연결재무제표기준영업(잠정)실적(공정공시),http://dart.fss.or.kr/dsaf001/main.do?rcpNo=20160425900112
20160425,뉴트리바이오텍,영업(잠정)실적(공정공시),http://dart.fss.or.kr/dsaf001/main.do?rcpNo=20160425900108
20160425,뉴트리바이오텍,연결재무제표기준영업(잠정)실적(공정공시),http://dart.fss.or.kr/dsaf001/main.do?rcpNo=20160425900107
20160425,칩스앤미디어,연결재무제표기준영업(잠정)실적(공정공시),http://dart.fss.or.kr/dsaf001/main.do?rcpNo=20160425900105
20160425,고려아연,영업(잠정)실적(공정공시),http://dart.fss.or.kr/dsaf001/main.do?rcpNo=20160425800078
20160425,고려아연,연결재무제표기준영업(잠정)실적(공정공시),http://dart.fss.or.kr/dsaf001/main.do?rcpNo=20160425800075
20160425,SKC코오롱PI,영업(잠정)실적(공정공시),http://dart.fss.or.kr/dsaf001/main.do?rcpNo=20160425900010
20160425,태양,연결재무제표기준영업(잠정)실적(공정공시),http://dart.fss.or.kr/dsaf001/main.do?rcpNo=20160425900048
20160425,영화금속,영업(잠정)실적(공정공시),http://dart.fss.or.kr/dsaf001/main.do?rcpNo=20160425800047
20160425,포스코 ICT,영업(잠정)실적(공정공시),http://dart.fss.or.kr/dsaf001/main.do?rcpNo=20160425900008
20160422,파인테크닉스,연결재무제표기준영업(잠정)실적(공정공시),http://dart.fss.or.kr/dsaf001/main.do?rcpNo=20160422900621
20160422,하나금융지주,연결재무제표기준영업(잠정)실적(공정공시)(자회사의 주요경영사항),http://dart.fss.or.kr/dsaf001/main.do?rcpNo=20160422800290
20160422,LG하우시스,연결재무제표기준영업(잠정)실적(공정공시),http://dart.fss.or.kr/dsaf001/main.do?rcpNo=20160422800288
20160422,하나금융지주,연결재무제표기준영업(잠정)실적(공정공시),http://dart.fss.or.kr/dsaf001/main.do?rcpNo=20160422800287
20160422,SK이노베이션,연결재무제표기준영업(잠정)실적(공정공시),http://dart.fss.or.kr/dsaf001/main.do?rcpNo=20160422800269
20160422,테크윙,영업(잠정)실적(공정공시),http://dart.fss.or.kr/dsaf001/main.do?rcpNo=20160422900174
20160422,동일철강,영업(잠정)실적(공정공시),http://dart.fss.or.kr/dsaf001/main.do?rcpNo=20160422900160
20160422,현대로템,연결재무제표기준영업(잠정)실적(공정공시),http://dart.fss.or.kr/dsaf001/main.do?rcpNo=20160422800143
20160422,국도화학,연결재무제표기준영업(잠정)실적(공정공시),http://dart.fss.or.kr/dsaf001/main.do?rcpNo=20160422800079
20160421,제일기획,[기재정정]연결재무제표기준영업(잠정)실적(공정공시),http://dart.fss.or.kr/dsaf001/main.do?rcpNo=20160421800577
20160421,티씨케이,영업(잠정)실적(공정공시),http://dart.fss.or.kr/dsaf001/main.do?rcpNo=20160421900369
20160421,케이티앤지,[첨부정정]연결재무제표기준영업(잠정)실적(공정공시),http://dart.fss.or.kr/dsaf001/main.do?rcpNo=20160421800331
20160421,케이비캐피탈,영업(잠정)실적(공정공시),http://dart.fss.or.kr/dsaf001/main.do?rcpNo=20160421800347
20160421,제일기획,연결재무제표기준영업(잠정)실적(공정공시),http://dart.fss.or.kr/dsaf001/main.do?rcpNo=20160421800325
20160421,고려개발,영업(잠정)실적(공정공시),http://dart.fss.or.kr/dsaf001/main.do?rcpNo=20160421800321
20160421,삼호,영업(잠정)실적(공정공시),http://dart.fss.or.kr/dsaf001/main.do?rcpNo=20160421800258
20160421,포스코,영업(잠정)실적(공정공시),http://dart.fss.or.kr/dsaf001/main.do?rcpNo=20160421800255
20160421,포스코,연결재무제표기준영업(잠정)실적(공정공시),http://dart.fss.or.kr/dsaf001/main.do?rcpNo=20160421800281
20160421,KB손해보험,영업(잠정)실적(공정공시),http://dart.fss.or.kr/dsaf001/main.do?rcpNo=20160421800247
20160421,신한지주,연결재무제표기준영업(잠정)실적(공정공시)(자회사의 주요경영사항),http://dart.fss.or.kr/dsaf001/main.do?rcpNo=20160421800269
20160421,신한지주,연결재무제표기준영업(잠정)실적(공정공시)(자회사의 주요경영사항),http://dart.fss.or.kr/dsaf001/main.do?rcpNo=20160421800263
20160421,신한지주,연결재무제표기준영업(잠정)실적(공정공시),http://dart.fss.or.kr/dsaf001/main.do?rcpNo=20160421800239
20160421,포스코대우,연결재무제표기준영업(잠정)실적(공정공시),http://dart.fss.or.kr/dsaf001/main.do?rcpNo=20160421800243
20160421,KB금융,연결재무제표기준영업(잠정)실적(공정공시)(자회사의 주요경영사항),http://dart.fss.or.kr/dsaf001/main.do?rcpNo=20160421800218
20160421,대림산업,연결재무제표기준영업(잠정)실적(공정공시),http://dart.fss.or.kr/dsaf001/main.do?rcpNo=20160421800217
20160421,KB금융,연결재무제표기준영업(잠정)실적(공정공시),http://dart.fss.or.kr/dsaf001/main.do?rcpNo=20160421800213
20160421,우리은행,연결재무제표기준영업(잠정)실적(공정공시),http://dart.fss.or.kr/dsaf001/main.do?rcpNo=20160421800210
20160421,우리종금,연결재무제표기준영업(잠정)실적(공정공시),http://dart.fss.or.kr/dsaf001/main.do?rcpNo=20160421800158
20160421,케이티앤지,[첨부정정]연결재무제표기준영업(잠정)실적(공정공시),http://dart.fss.or.kr/dsaf001/main.do?rcpNo=20160421800163
20160421,멀티캠퍼스,연결재무제표기준영업(잠정)실적(공정공시),http://dart.fss.or.kr/dsaf001/main.do?rcpNo=20160421900143
20160421,로엔,연결재무제표기준영업(잠정)실적(공정공시),http://dart.fss.or.kr/dsaf001/main.do?rcpNo=20160421900141
20160421,영진약품공업,영업(잠정)실적(공정공시),http://dart.fss.or.kr/dsaf001/main.do?rcpNo=20160421800049
20160421,에코프로,영업(잠정)실적(공정공시),http://dart.fss.or.kr/dsaf001/main.do?rcpNo=20160421900045
20160421,케이티앤지,연결재무제표기준영업(잠정)실적(공정공시),http://dart.fss.or.kr/dsaf001/main.do?rcpNo=20160421800041
20160421,S-Oil,연결재무제표기준영업(잠정)실적(공정공시),http://dart.fss.or.kr/dsaf001/main.do?rcpNo=20160421800038
20160421,LG화학,연결재무제표기준영업(잠정)실적(공정공시),http://dart.fss.or.kr/dsaf001/main.do?rcpNo=20160421800033
20160421,안랩,연결재무제표기준영업(잠정)실적(공정공시),http://dart.fss.or.kr/dsaf001/main.do?rcpNo=20160421900008
20160421,안랩,영업(잠정)실적(공정공시),http://dart.fss.or.kr/dsaf001/main.do?rcpNo=20160421900007
20160420,에스에너지,영업(잠정)실적(공정공시),http://dart.fss.or.kr/dsaf001/main.do?rcpNo=20160420900485
20160420,에스에너지,연결재무제표기준영업(잠정)실적(공정공시),http://dart.fss.or.kr/dsaf001/main.do?rcpNo=20160420900481
20160420,모바일리더,연결재무제표기준영업(잠정)실적(공정공시),http://dart.fss.or.kr/dsaf001/main.do?rcpNo=20160420900253
20160420,LG생명과학,연결재무제표기준영업(잠정)실적(공정공시),http://dart.fss.or.kr/dsaf001/main.do?rcpNo=20160420800242
20160420,지역난방공사,영업(잠정)실적(공정공시),http://dart.fss.or.kr/dsaf001/main.do?rcpNo=20160420800258
20160420,엘비세미콘,영업(잠정)실적(공정공시),http://dart.fss.or.kr/dsaf001/main.do?rcpNo=20160420900239
20160420,메디아나,연결재무제표기준영업(잠정)실적(공정공시),http://dart.fss.or.kr/dsaf001/main.do?rcpNo=20160420900100
20160420,포스코강판,영업(잠정)실적(공정공시),http://dart.fss.or.kr/dsaf001/main.do?rcpNo=20160420800084
20160419,오스코텍,영업양도결정(종속회사의주요경영사항),http://dart.fss.or.kr/dsaf001/main.do?rcpNo=20160419900368
20160419,두산,연결재무제표기준영업(잠정)실적(공정공시),http://dart.fss.or.kr/dsaf001/main.do?rcpNo=20160419800264
20160419,두산중공업,연결재무제표기준영업(잠정)실적(공정공시),http://dart.fss.or.kr/dsaf001/main.do?rcpNo=20160419800241
20160419,두산엔진,연결재무제표기준영업(잠정)실적(공정공시),http://dart.fss.or.kr/dsaf001/main.do?rcpNo=20160419800227
20160419,두산인프라코어,연결재무제표기준영업(잠정)실적(공정공시),http://dart.fss.or.kr/dsaf001/main.do?rcpNo=20160419800174
20160419,에스앤에스텍,연결재무제표기준영업(잠정)실적(공정공시),http://dart.fss.or.kr/dsaf001/main.do?rcpNo=20160419900101
20160419,현대미포조선,영업(잠정)실적(공정공시),http://dart.fss.or.kr/dsaf001/main.do?rcpNo=20160419800072
20160418,현대중공업,영업(잠정)실적(공정공시),http://dart.fss.or.kr/dsaf001/main.do?rcpNo=20160418800519
20160418,두산건설,연결재무제표기준영업(잠정)실적(공정공시),http://dart.fss.or.kr/dsaf001/main.do?rcpNo=20160418800258
20160418,미원화학,영업(잠정)실적(공정공시),http://dart.fss.or.kr/dsaf001/main.do?rcpNo=20160418800214
20160418,한샘,영업(잠정)실적(공정공시),http://dart.fss.or.kr/dsaf001/main.do?rcpNo=20160418800176
20160418,디오,연결재무제표기준영업(잠정)실적(공정공시),http://dart.fss.or.kr/dsaf001/main.do?rcpNo=20160418900082
20160415,한국가스공사,영업(잠정)실적(공정공시),http://dart.fss.or.kr/dsaf001/main.do?rcpNo=20160415800366
20160415,신세계I&C,영업(잠정)실적(공정공시),http://dart.fss.or.kr/dsaf001/main.do?rcpNo=20160415800297
20160415,한미반도체,영업(잠정)실적(공정공시),http://dart.fss.or.kr/dsaf001/main.do?rcpNo=20160415800194
20160415,승일,영업(잠정)실적(공정공시),http://dart.fss.or.kr/dsaf001/main.do?rcpNo=20160415900141
